xline_all_values,yline_all_values,X_all_values,obj1,obj2,obj3,inc
247.35760521705885,9.949022832285723e-06,"[np.float64(2.922588096848874), np.float64(1.754083982637081), np.float64(9.134329598145284), np.float64(1.0111777388504954), np.float64(4.702405301340901), np.float64(0.3782758453117611), np.float64(0.42188133452025006)]",247.35760521705885,9.949022832285723e-06,8156356.212356668,0
248.84388529667896,9.906998753429176e-06,"[np.float64(3.2477450821702307), np.float64(3.024689851063129), np.float64(9.044374279993612), np.float64(0.6932762681451976), np.float64(2.2356787484847165), np.float64(0.337878843907093), np.float64(0.31181587283088646)]",248.84388529667896,9.906998753429176e-06,6916061.675385871,0
246.48790246850334,1.0013230850153262e-05,"[np.float64(2.916327265296994), np.float64(1.667276871208001), np.float64(9.987874784156999), 0.1, np.float64(4.201681330207073), np.float64(0.3844954564290107), np.float64(0.4498056410706933)]",246.48790246850334,1.0013230850153262e-05,24805375.041646488,0
246.7527728373718,9.997144933954706e-06,"[np.float64(2.989635136400248), np.float64(1.9360363303929065), np.float64(9.689153195811802), 0.1, np.float64(3.4066703433180994), np.float64(0.43006870725699364), np.float64(0.46474156960115626)]",246.7527728373718,9.997144933954706e-06,22926483.688146323,0
245.13943534562577,1.0043973726388027e-05,"[np.float64(2.5550510411283196), np.float64(0.5983907169604311), 10, 0.1, np.float64(5.178427662158999), np.float64(0.438937050130373), np.float64(0.3987862691236558)]",245.13943534562577,1.0043973726388027e-05,22101896.34123388,0
250.57278154141503,9.846148842163001e-06,"[np.float64(9.548922122161118), np.float64(4.962603292220831), np.float64(8.510173441210386), np.float64(2.4413416577243297), 0.1, 0, np.float64(0.17361889107169554)]",250.57278154141503,9.846148842163001e-06,5932357.534819685,0
249.67917853237438,9.85672472901953e-06,"[np.float64(3.2582912123915726), np.float64(2.823745511798303), np.float64(8.361495274281056), np.float64(2.2372820339953132), np.float64(3.69662075531782), np.float64(0.33514520623864463), np.float64(0.364952428114375)]",249.67917853237438,9.85672472901953e-06,4882967.335007311,0
263.02620622729506,9.56035992922912e-06,"[1.9182568330617211, 0.7197447290816493, 3.6483257020824613, 9.086356317535763, 1.8092349290153156, 0.25869557457753223, 0.727264002023511]",263.02620622729506,9.56035992922912e-06,3295122.8002209975,0
249.2844416694884,9.868228896030562e-06,"[np.float64(3.1651379789486573), np.float64(2.54558888213938), np.float64(8.744645421147444), np.float64(2.148274174661572), np.float64(3.7539963536758423), np.float64(0.35283365006671796), np.float64(0.33424094408684984)]",249.2844416694884,9.868228896030562e-06,4888982.081623371,0
249.11305178088324,9.895563156960026e-06,"[np.float64(3.258783256036938), np.float64(3.0613065344304227), np.float64(9.051410787761892), np.float64(0.8130470471101567), np.float64(2.120004874177925), np.float64(0.33886040412785845), np.float64(0.29507433278086076)]",249.11305178088324,9.895563156960026e-06,6042570.406697588,0
250.86524003899453,9.827818722701203e-06,"[np.float64(9.382089744214532), np.float64(5.028052354511882), np.float64(8.600241006344492), np.float64(2.8779402339651305), 0.1, 0, np.float64(0.12785568735241376)]",250.86524003899453,9.827818722701203e-06,5244887.810682445,0
262.74927779792716,9.57442001366529e-06,"[np.float64(5.112941362088528), np.float64(8.559068897037276), np.float64(2.897975858917567), 10, 0.1, 0, np.float64(0.555657647345552)]",262.74927779792716,9.57442001366529e-06,3065196.3147992985,0
251.49589010184425,9.79807722561888e-06,"[9.63559087643385, 4.163623190170503, 9.607795981049131, 6.049610789943025, 1.5395008706109272, 0.5806206731426652, 0.5973478954388788]",251.49589010184425,9.79807722561888e-06,4757912.180784452,0
254.0329004046174,9.7245954123183e-06,"[np.float64(3.9369905923769757), np.float64(5.139392888548809), np.float64(7.120591579525159), np.float64(4.652172607013339), np.float64(1.3370670732321115), np.float64(0.22909771280566926), np.float64(0.24360423092285693)]",254.0329004046174,9.7245954123183e-06,3242261.076567779,0
256.7788318060252,9.656140004847487e-06,"[np.float64(4.509714222061913), np.float64(6.416922558747917), np.float64(5.8058194917973065), np.float64(6.973428304271674), 0.1, np.float64(0.24882265540403), np.float64(0.23466657055376666)]",256.7788318060252,9.656140004847487e-06,3010379.3378414954,0
257.1266122087817,9.648865161180334e-06,"[np.float64(4.472702898132169), np.float64(6.426559160427054), np.float64(5.539120938977001), np.float64(7.293419696375568), 0.1, np.float64(0.021867620444801086), np.float64(0.15216802578505162)]",257.1266122087817,9.648865161180334e-06,3013283.5193145447,0
253.6667731136718,9.732328332229815e-06,"[np.float64(7.034573608688601), np.float64(5.599562915707527), np.float64(8.121291669670677), np.float64(5.73928831232357), 0.1, 0, np.float64(0.07778393736868824)]",253.6667731136718,9.732328332229815e-06,3499625.749360788,0
255.74380247593223,9.679911096123374e-06,"[np.float64(4.747784821145306), np.float64(6.3665796946610005), np.float64(6.090320704506286), np.float64(6.9636465584146245), np.float64(1.5864054823186402), np.float64(0.21367323904421986), np.float64(0.19100171000944832)]",255.74380247593223,9.679911096123374e-06,3409576.0948970253,0
251.82238652541415,9.788897316848207e-06,"[np.float64(8.66554704653511), np.float64(5.212608356632577), np.float64(8.591678147617431), np.float64(3.9889976854330818), 0.1, 0, np.float64(0.07755270052036664)]",251.82238652541415,9.788897316848207e-06,4295608.884172711,0
263.22550826082653,9.517032813603059e-06,"[3.6970842381791855, 8.8447188925814, 1.7051370546763027, 2.4269699393710797, 0.708467296142356, 0.9965104408741473, 0.550600883788622]",263.22550826082653,9.517032813603059e-06,3383629.7769099213,0
262.0905143519878,9.584607736423321e-06,"[np.float64(4.811317048947028), np.float64(7.814357191177187), np.float64(3.7053343390830342), np.float64(9.147863997860934), 0.1, 0, np.float64(0.5393212553565608)]",262.0905143519878,9.584607736423321e-06,3066590.5688445102,0
255.48801799025097,9.685637979410379e-06,"[np.float64(5.179508375096271), np.float64(6.30272673122283), np.float64(6.61074958041814), np.float64(6.44853869220716), np.float64(0.674055146149178), 0, np.float64(0.09994202341784326)]",255.48801799025097,9.685637979410379e-06,3242240.436597108,0
254.3708862030154,9.716909320054221e-06,"[np.float64(5.872312771915397), np.float64(5.854827341589971), np.float64(5.385209627899544), np.float64(4.493489103238549), np.float64(1.331089955753799), np.float64(0.360110257620969), np.float64(0.30888862772542847)]",254.3708862030154,9.716909320054221e-06,4076421.1408555014,0
257.46168088620675,9.642867197523897e-06,"[np.float64(4.5347425535749775), np.float64(6.70648307269845), np.float64(5.421821869800445), np.float64(7.499982738858105), 0.1, np.float64(0.18094425143274379), np.float64(0.2843438377059756)]",257.46168088620675,9.642867197523897e-06,3019738.8761106078,0
251.32109194050634,9.813917130513677e-06,"[np.float64(8.94062175642523), np.float64(5.097588520932915), np.float64(8.414068297898796), np.float64(3.2128824242939893), 0.1, 0, np.float64(0.16377293606715027)]",251.32109194050634,9.813917130513677e-06,4901801.560448383,0
259.90381782567255,9.59784398925813e-06,"[np.float64(5.415567129186787), np.float64(9.803745935182906), np.float64(3.038294028318571), 10, 0.1, np.float64(0.03431739762594213), np.float64(0.03770031212001981)]",259.90381782567255,9.59784398925813e-06,3297394.3790019364,0
262.2186536506137,9.576714231774541e-06,"[1.9633284261590551, 5.623149666292195, 0.8798118513838403, 8.608310020814901, 1.515012306075992, 0.018415985459912076, 0.38344723897915955]",262.2186536506137,9.576714231774541e-06,3270748.6747502624,0
251.23757937884153,9.824758439905599e-06,"[3.0927065031648464, 7.809453587567908, 9.795218769480359, 2.9664156342441164, 9.89217885787514, 0.13391006235594016, 0.1726891411567606]",251.23757937884153,9.824758439905599e-06,6509899.9193039695,0
258.6841877850885,9.617371367714105e-06,"[np.float64(4.909734649543682), np.float64(8.11823384395652), np.float64(4.293926776222846), np.float64(8.773388542654216), np.float64(0.13653956757633967), np.float64(0.0979466101433536), np.float64(0.1926783987650334)]",258.6841877850885,9.617371367714105e-06,3159143.311289928,0
259.29430856651476,9.6075888104594e-06,"[np.float64(5.209979787091519), np.float64(8.994856123090218), np.float64(3.95585139994187), np.float64(9.554707814285205), 0.1, np.float64(0.05622129973316009), np.float64(0.22590259457680192)]",259.29430856651476,9.6075888104594e-06,3193127.52904739,0
261.3796373966454,9.586497297963323e-06,"[np.float64(5.2483354391404315), np.float64(8.956260666403109), np.float64(2.818995508873633), 10, 0.1, 0, np.float64(0.43183205703732647)]",261.3796373966454,9.586497297963323e-06,3204735.631154233,0
259.6045232086566,9.603519075083717e-06,"[np.float64(4.680226029027726), np.float64(7.946460006460806), np.float64(4.267358616528172), 10, 0.1, 0, np.float64(0.29958587977833373)]",259.6045232086566,9.603519075083717e-06,3051383.289049397,0
254.5101445383035,9.709568936212105e-06,"[np.float64(6.361446033138358), np.float64(5.985791202236191), np.float64(7.559462816484137), np.float64(6.1320511586406425), 0.1, 0, 0]",254.5101445383035,9.709568936212105e-06,3327113.6634254237,0
256.4910768775618,9.663142540874858e-06,"[np.float64(4.391726332969574), np.float64(6.217904704866655), np.float64(6.088484353101786), np.float64(6.679802404770845), 0.1, np.float64(0.23367742770381467), np.float64(0.21073469444138168)]",256.4910768775618,9.663142540874858e-06,2970400.408824424,0
253.45963231874526,9.740257197175787e-06,"[np.float64(3.897492235796918), np.float64(5.002781765732081), np.float64(7.199475150029099), np.float64(4.328421467413541), np.float64(1.9772889726919975), np.float64(0.23405035020595433), np.float64(0.2648191993348407)]",253.45963231874526,9.740257197175787e-06,3476795.5591443335,0
260.9404318804193,9.589902535079701e-06,"[np.float64(5.185298857654312), np.float64(8.710210878094308), np.float64(3.1192456304639666), 10, 0.1, np.float64(0.02494322066383262), np.float64(0.40702236017732096)]",260.9404318804193,9.589902535079701e-06,3192515.5572871063,0
257.8252115427333,9.63857534835149e-06,"[np.float64(4.566498400937858), np.float64(6.798395509709946), np.float64(5.33818953671024), np.float64(7.611649271193222), 0.1, np.float64(0.02250850356430577), np.float64(0.28107357934685084)]",257.8252115427333,9.63857534835149e-06,3030067.4097269094,0
258.3408586231841,9.624376352787916e-06,"[np.float64(3.9099480945687772), np.float64(6.520166562606956), np.float64(4.390434630242257), np.float64(7.801581043314366), 0.1, 0, np.float64(0.10823729649277247)]",258.3408586231841,9.624376352787916e-06,3008413.258397029,0
257.91295048356494,9.632508176633456e-06,"[np.float64(4.085152318526847), np.float64(6.451986342722028), np.float64(4.719807543014099), np.float64(7.420020816212564), 0.1, 0, np.float64(0.1695610447098055)]",257.91295048356494,9.632508176633456e-06,3010394.753978171,0
256.1350330906381,9.672135707714917e-06,"[np.float64(4.2811862896619015), np.float64(5.922874215696991), np.float64(6.263351153856146), np.float64(6.216077628941447), 0.1, np.float64(0.230829806169327), np.float64(0.2591808178634611)]",256.1350330906381,9.672135707714917e-06,2946707.7094357023,0
252.12147083125814,9.784383823107032e-06,"[np.float64(7.977083494751416), np.float64(5.582257593082893), np.float64(7.6303617367282515), np.float64(3.7265771237154572), np.float64(0.9918222821256331), 0, np.float64(0.09433908122208134)]",252.12147083125814,9.784383823107032e-06,4637368.10705161,0
252.7643836899305,9.761391037275037e-06,"[np.float64(7.468960866423539), np.float64(5.379990169648105), np.float64(7.747469159854296), np.float64(4.31503842566461), np.float64(0.13429696506517724), 0, np.float64(0.11916579724511436)]",252.7643836899305,9.761391037275037e-06,3939166.0425655423,0
255.18538444007302,9.693213608115957e-06,"[np.float64(5.477452959820976), np.float64(6.159407490980862), np.float64(6.876469021446564), np.float64(6.3358936821402505), np.float64(0.5410632060603295), 0, np.float64(0.11219550356178745)]",255.18538444007302,9.693213608115957e-06,3267430.5785033028,0
252.97110182855016,9.758824605308599e-06,"[np.float64(3.776140040976992), np.float64(4.4626414099252845), np.float64(7.252323252065842), np.float64(4.142688996498716), np.float64(2.6105683872013334), np.float64(0.2586289720443975), np.float64(0.34033740285819414)]",252.97110182855016,9.758824605308599e-06,3756209.3755185516,0
258.18291618955055,9.626370923714389e-06,"[np.float64(4.789174865472087), np.float64(7.750074843254742), np.float64(4.741876069589086), np.float64(8.365901781945432), np.float64(0.18882436582419104), np.float64(0.12068259550829596), np.float64(0.16062491192688497)]",258.18291618955055,9.626370923714389e-06,3119678.9482045714,0
260.5391742838754,9.596357209961618e-06,"[np.float64(4.780512718719784), np.float64(7.7801868367900955), np.float64(4.0521913221720505), np.float64(9.442057066633112), 0.1, 0, np.float64(0.4208406884341396)]",260.5391742838754,9.596357209961618e-06,3072882.4537356775,0
252.48085743355776,9.767071967206449e-06,"[np.float64(7.854170776881625), np.float64(5.317501147857881), np.float64(8.100795971819942), np.float64(4.3333383733423885), 0.1, 0, np.float64(0.0232866360432916)]",252.48085743355776,9.767071967206449e-06,3973345.6204490867,0
260.60684914367664,9.59304699850529e-06,"[np.float64(5.10177119199143), np.float64(8.306371882309442), np.float64(3.500272546729877), 10, 0.1, np.float64(0.08334281483368541), np.float64(0.40637608946313625)]",260.60684914367664,9.59304699850529e-06,3156842.4518216955,0
253.26961764499953,9.745154547180631e-06,"[np.float64(3.976536239792989), np.float64(4.844058212832131), np.float64(7.260347881018181), np.float64(3.8166344383679665), np.float64(1.8764593737566708), np.float64(0.35661269553749636), np.float64(0.27975006561180094)]",253.26961764499953,9.745154547180631e-06,3506382.072084961,0
252.15290546192193,9.776487434848573e-06,"[np.float64(8.479984621937003), np.float64(5.28460356009286), np.float64(8.688574009816879), np.float64(4.4682671853693465), 0.1, 0, np.float64(0.027866196725941345)]",252.15290546192193,9.776487434848573e-06,4065106.672935652,0
255.82144981701438,9.677334434671744e-06,"[np.float64(4.955101245237934), np.float64(6.469053792152682), np.float64(6.427296334485496), np.float64(6.6310306095259115), np.float64(0.6703521869368811), 0, np.float64(0.047820707286476916)]",255.82144981701438,9.677334434671744e-06,3189265.3831389886,0
256.92497704206596,9.65474429960268e-06,"[np.float64(4.439107376323226), np.float64(6.35106756775121), np.float64(5.743103653262379), np.float64(6.90240063076623), 0.1, np.float64(0.2089610591923885), np.float64(0.2930943952235176)]",256.92497704206596,9.65474429960268e-06,2995921.812486707,0
